ID,name,email,phoneNumber,address,joinedAt
22771984,name-22771984,email-22771984,phoneNumber-22771984,address-22771984,2002-01-06T00:00:00.000Z
22771985,name-22771985,email-22771985,phoneNumber-22771985,address-22771985,2002-03-03T00:00:00.000Z
22771986,name-22771986,email-22771986,phoneNumber-22771986,address-22771986,2011-06-26T00:00:00.000Z
22771987,name-22771987,email-22771987,phoneNumber-22771987,address-22771987,2023-10-07T00:00:00.000Z
22771988,name-22771988,email-22771988,phoneNumber-22771988,address-22771988,2000-05-17T00:00:00.000Z
22771989,name-22771989,email-22771989,phoneNumber-22771989,address-22771989,2017-05-23T00:00:00.000Z
22771990,name-22771990,email-22771990,phoneNumber-22771990,address-22771990,2000-01-11T00:00:00.000Z
22771991,name-22771991,email-22771991,phoneNumber-22771991,address-22771991,2004-07-01T00:00:00.000Z
22771992,name-22771992,email-22771992,phoneNumber-22771992,address-22771992,2022-01-27T00:00:00.000Z
22771993,name-22771993,email-22771993,phoneNumber-22771993,address-22771993,2017-12-15T00:00:00.000Z
22771994,name-22771994,email-22771994,phoneNumber-22771994,address-22771994,2023-12-15T00:00:00.000Z
22771995,name-22771995,email-22771995,phoneNumber-22771995,address-22771995,2015-01-05T00:00:00.000Z
22771996,name-22771996,email-22771996,phoneNumber-22771996,address-22771996,2023-01-15T00:00:00.000Z
22771997,name-22771997,email-22771997,phoneNumber-22771997,address-22771997,2007-04-14T00:00:00.000Z
22771998,name-22771998,email-22771998,phoneNumber-22771998,address-22771998,2023-07-18T00:00:00.000Z
22771999,name-22771999,email-22771999,phoneNumber-22771999,address-22771999,2004-11-13T00:00:00.000Z
22772000,name-22772000,email-22772000,phoneNumber-22772000,address-22772000,2002-10-24T00:00:00.000Z
22772001,name-22772001,email-22772001,phoneNumber-22772001,address-22772001,2020-05-23T00:00:00.000Z
22772002,name-22772002,email-22772002,phoneNumber-22772002,address-22772002,2014-09-26T00:00:00.000Z
22772003,name-22772003,email-22772003,phoneNumber-22772003,address-22772003,2011-11-29T00:00:00.000Z